reg_season_Age,reg_season_G,reg_season_GS,reg_season_AS,reg_season_MP,reg_season_FG,reg_season_FGA,reg_season_2P,reg_season_2PA,reg_season_3P,reg_season_3PA,reg_season_FT,reg_season_FTA,reg_season_ORB,reg_season_DRB,reg_season_TRB,reg_season_AST,reg_season_STL,reg_season_BLK,reg_season_TOV,reg_season_PF,reg_season_PTS,reg_season_FG%,reg_season_2P%,reg_season_3P%,reg_season_FT%,reg_season_TS%,reg_season_eFG%,reg_season_Pos,reg_season_WS,reg_season_ORtg,reg_season_DRtg,reg_season_OWS,reg_season_DWS,reg_season_WS/48,reg_season_OBPM,reg_season_DBPM,reg_season_BPM,reg_season_VORP,reg_season_PER,reg_season_ORB%,reg_season_DRB%,reg_season_TRB%,reg_season_AST%,reg_season_STL%,reg_season_BLK%,reg_season_TOV%,reg_season_USG%,Player_Cleaned,Salary,Adjusted Salary
23,76,76,1,34.9,9.4,20.3,6.3,12.3,3.1,8.0,6.6,7.3,0.7,3.1,3.7,9.7,0.9,0.1,4.0,1.7,28.4,0.46,0.512,0.382,0.904,0.603,0.536,G,10.0,119.0,118,9.0,1.0,0.181,7.1,-2.0,5.2,4.8,25.4,2.1,9.6,5.9,46.7,1.3,0.2,14.5,34.4,traeyoung,8326471.0,9080829.0
26,68,67,0,30.8,6.5,12.9,4.5,8.0,1.9,4.9,3.0,4.9,1.6,8.5,10.1,2.3,0.8,1.0,1.9,2.5,17.9,0.501,0.57,0.39,0.623,0.595,0.576,F,4.9,114.0,113,2.9,2.0,0.112,2.1,-0.4,1.6,1.9,19.1,5.7,30.4,18.0,12.2,1.2,2.8,11.0,23.3,christianwood,13666667.0,14904833.0
20,62,31,0,21.7,3.1,6.8,1.9,2.9,1.2,3.9,0.7,0.9,0.4,1.7,2.1,1.0,0.6,0.2,0.7,1.8,8.1,0.45,0.632,0.314,0.782,0.559,0.54,F,2.2,113.0,114,1.1,1.1,0.08,-2.4,-0.6,-3.0,-0.3,9.7,2.0,8.2,5.0,6.3,1.2,0.8,8.4,14.9,ziairewilliams,4373040.0,4769226.0
24,61,61,0,29.6,4.4,6.0,4.4,6.0,0.0,0.0,1.1,1.5,3.9,5.7,9.6,2.0,0.9,2.2,1.0,2.2,10.0,0.736,0.738,0.0,0.722,0.745,0.736,C-F,9.9,148.0,102,6.0,3.9,0.262,2.4,3.1,5.5,3.4,22.1,14.6,20.5,17.6,9.7,1.5,6.8,13.4,11.5,robertwilliams,3661976.0,3993742.0
26,73,73,1,31.9,6.5,14.0,4.4,8.5,2.2,5.5,2.0,3.2,1.2,3.3,4.5,2.2,1.0,0.7,1.5,2.2,17.2,0.466,0.513,0.393,0.634,0.56,0.543,F-G,5.1,109.0,109,1.8,3.4,0.105,0.3,0.1,0.4,1.4,15.0,4.1,10.9,7.6,10.8,1.6,2.1,9.0,23.1,andrewwiggins,31579390.0,34440406.0
23,50,35,0,24.2,3.1,6.7,2.3,4.0,0.8,2.8,1.2,1.7,1.0,2.5,3.6,1.4,0.6,0.2,1.1,1.9,8.3,0.463,0.573,0.304,0.729,0.556,0.525,G,1.2,107.0,116,0.5,0.8,0.048,-3.4,-0.9,-4.3,-0.7,10.3,4.3,11.0,7.6,8.5,1.2,0.8,12.6,15.3,aaronwiggins,1305761.0,1424059.0
27,75,52,0,29.3,4.5,10.7,3.0,5.7,1.5,4.9,2.7,3.1,0.5,3.0,3.5,4.9,0.9,0.8,1.6,2.3,13.2,0.421,0.515,0.312,0.864,0.549,0.493,G,5.1,114.0,112,2.8,2.3,0.111,0.4,0.6,0.9,1.6,14.8,1.8,10.7,6.3,22.9,1.4,2.3,11.6,19.9,derrickwhite,15678571.0,17099011.0
33,78,78,0,34.3,7.0,15.8,6.0,12.4,1.0,3.4,3.4,5.1,1.4,6.0,7.4,7.1,1.0,0.3,3.8,3.0,18.5,0.444,0.485,0.298,0.667,0.512,0.476,G,1.7,102.0,114,-0.6,2.3,0.03,-0.7,-0.9,-1.6,0.2,15.0,4.4,18.8,11.6,31.6,1.3,0.7,17.3,27.3,russellwestbrook,44211146.0,48216568.0
23,65,28,0,27.2,3.8,8.2,2.2,3.6,1.7,4.6,0.9,1.2,1.3,3.9,5.2,2.3,0.9,0.9,1.3,2.3,10.3,0.47,0.606,0.365,0.716,0.588,0.573,F,3.4,114.0,113,1.8,1.6,0.091,-0.2,0.2,-0.1,0.9,13.6,4.8,15.5,10.1,11.2,1.5,3.3,12.6,15.6,pjwashington,4215120.0,4596999.0
31,37,37,0,25.6,4.0,10.0,2.1,4.6,2.0,5.4,1.6,1.9,0.4,2.6,3.0,3.5,0.7,0.2,1.3,1.0,11.6,0.403,0.444,0.367,0.845,0.537,0.501,G,1.8,112.0,113,1.0,0.9,0.093,0.7,-0.2,0.4,0.6,13.9,1.6,11.2,6.3,22.2,1.4,0.7,10.7,20.8,kembawalker,34967442.0,38135407.0
20,79,79,0,30.7,5.8,12.3,4.6,8.9,1.2,3.4,2.4,2.8,1.1,3.4,4.5,2.9,0.9,0.4,1.5,2.1,15.2,0.468,0.511,0.354,0.863,0.559,0.517,G-F,4.0,110.0,114,2.1,1.9,0.079,-0.4,-0.3,-0.7,0.8,14.7,3.6,11.9,7.7,15.7,1.4,1.3,10.0,21.2,franzwagner,5007840.0,5461538.0
25,51,28,0,19.2,1.9,4.3,0.9,1.5,1.0,2.8,0.4,0.6,0.6,2.3,2.9,1.0,0.6,0.1,0.3,1.7,5.3,0.456,0.64,0.359,0.667,0.584,0.574,F,2.3,122.0,111,1.1,1.1,0.111,-1.9,1.3,-0.6,0.4,10.1,3.6,13.1,8.5,7.3,1.5,0.6,6.5,11.1,deanwade,1782621.0,1944122.0
31,73,73,0,33.1,7.5,15.8,6.1,11.3,1.4,4.5,1.3,1.7,1.9,9.1,11.0,3.2,1.0,1.0,1.9,2.5,17.6,0.473,0.537,0.314,0.76,0.533,0.518,C,4.5,107.0,110,1.4,3.2,0.09,0.8,0.1,0.9,1.8,18.2,6.6,30.7,18.7,15.2,1.4,2.5,10.1,24.5,nikolavucevic,24000000.0,26174341.0
21,71,32,0,27.3,4.6,10.8,2.7,5.4,1.9,5.4,1.2,1.4,0.6,3.7,4.3,1.9,1.1,0.6,0.8,2.0,12.3,0.427,0.492,0.361,0.838,0.54,0.516,G-F,3.3,109.0,112,1.3,2.0,0.082,-0.5,0.0,-0.5,0.7,13.3,2.4,14.3,8.3,9.7,1.9,1.8,6.7,18.9,devinvassell,4235160.0,4618855.0
27,65,65,1,37.9,6.8,16.9,3.1,7.0,3.7,9.9,3.0,3.4,0.7,3.8,4.4,6.7,1.7,0.5,2.6,2.5,20.3,0.403,0.44,0.377,0.874,0.552,0.513,G,6.7,115.0,111,3.9,2.8,0.131,3.1,0.5,3.6,3.5,17.3,1.8,11.4,6.4,26.7,2.3,1.4,12.5,23.7,fredvanvleet,19675926.0,21458517.0
22,74,67,0,25.4,2.9,4.9,2.8,4.7,0.0,0.2,1.2,1.8,2.9,5.5,8.4,1.3,1.3,0.6,1.0,2.4,6.9,0.587,0.605,0.143,0.656,0.612,0.59,F,6.0,127.0,108,3.1,2.9,0.153,-0.8,1.0,0.2,1.1,15.3,12.0,23.9,17.8,6.7,2.5,2.4,14.8,10.9,jarredvanderbilt,4050000.0,4416920.0
29,74,74,0,30.3,6.9,12.7,6.1,10.5,0.8,2.1,3.2,3.9,3.1,8.3,11.4,2.6,0.6,0.8,2.4,3.3,17.8,0.544,0.581,0.361,0.82,0.617,0.574,C,7.3,118.0,111,4.6,2.7,0.156,2.0,-0.1,1.9,2.2,21.2,10.9,31.2,20.8,14.0,0.9,2.6,14.4,23.8,jonasvalanciunas,14000000.0,15268366.0
25,42,42,0,29.4,4.8,9.4,3.3,5.0,1.5,4.4,1.9,2.5,1.5,5.5,7.1,1.0,0.7,2.8,1.3,2.8,12.9,0.509,0.662,0.333,0.752,0.615,0.587,C-F,3.1,117.0,111,1.7,1.4,0.12,0.1,1.4,1.4,1.1,17.4,5.8,21.3,13.4,5.1,1.1,8.3,10.9,17.1,mylesturner,18000000.0,19630756.0
36,71,70,0,27.9,2.9,6.0,1.8,3.3,1.1,2.7,0.6,0.9,1.4,4.0,5.5,2.1,0.8,0.2,0.9,2.3,7.6,0.484,0.54,0.415,0.738,0.593,0.577,F,5.0,120.0,110,2.4,2.6,0.121,-0.8,1.4,0.6,1.3,11.3,5.8,16.2,11.1,10.6,1.5,0.8,12.7,11.7,pjtucker,7000000.0,7634183.0
23,70,69,0,35.0,6.4,15.5,3.4,7.7,3.0,7.8,2.5,2.9,0.4,2.4,2.7,2.0,1.7,0.3,1.0,2.1,18.3,0.414,0.445,0.383,0.853,0.546,0.511,G,5.6,114.0,112,3.1,2.5,0.11,-0.1,0.3,0.2,1.3,14.7,1.1,7.7,4.2,8.8,2.5,0.8,5.8,21.8,garytrent,16225000.0,17694945.0
26,74,74,1,33.5,8.7,16.4,6.6,11.5,2.0,4.9,5.2,6.3,2.6,7.2,9.8,3.6,1.0,1.1,3.1,3.6,24.6,0.529,0.58,0.41,0.822,0.64,0.591,C-F,10.3,121.0,110,7.1,3.2,0.199,4.5,0.5,5.0,4.4,24.1,8.2,23.6,15.7,18.0,1.4,3.2,13.7,27.8,karlanthonytowns,31650600.0,34518067.0
24,66,50,0,25.5,2.3,4.5,1.6,2.4,0.7,2.2,0.5,0.7,0.6,1.7,2.3,1.1,1.7,1.1,0.6,2.4,5.7,0.5,0.673,0.313,0.791,0.594,0.575,G,3.7,116.0,108,1.2,2.5,0.107,-2.2,3.3,1.1,1.3,11.2,2.8,7.1,5.0,6.1,3.4,3.8,10.9,9.5,matissethybulle,2840160.0,3097471.0
31,32,32,0,29.4,7.7,17.9,4.1,8.7,3.6,9.3,1.4,1.6,0.5,3.4,3.9,2.8,0.5,0.5,1.3,1.7,20.4,0.429,0.477,0.385,0.902,0.547,0.529,G-F,1.8,107.0,110,0.6,1.2,0.091,2.6,-1.6,1.1,0.7,16.7,1.8,12.4,7.3,16.1,0.8,1.7,6.7,29.6,klaythompson,37980720.0,41421681.0
23,76,76,1,35.9,9.3,20.6,6.3,12.0,3.0,8.6,5.3,6.2,1.1,6.9,8.0,4.4,1.0,0.6,2.9,2.3,26.9,0.453,0.524,0.353,0.853,0.578,0.526,F,9.6,113.0,106,5.0,4.6,0.169,4.3,0.6,5.0,4.8,21.8,3.5,20.2,12.1,21.1,1.4,1.6,10.9,32.1,jaysontatum,28103500.0,30649609.0
26,78,77,0,26.4,4.7,9.3,3.8,6.8,0.8,2.6,1.7,2.4,1.7,3.7,5.4,2.8,0.9,0.5,1.8,3.7,11.8,0.498,0.569,0.312,0.707,0.567,0.541,F,3.0,111.0,116,1.9,1.1,0.071,-1.3,-0.5,-1.8,0.1,14.3,7.2,15.3,11.2,16.9,1.7,1.8,14.6,19.6,jaeseantate,1517981.0,1655506.0
20,48,45,0,27.2,4.1,11.4,3.3,7.3,0.9,4.1,2.6,3.4,0.5,3.0,3.6,4.4,1.2,0.4,3.0,3.0,11.8,0.361,0.443,0.214,0.773,0.455,0.4,G,-1.6,88.0,112,-3.0,1.3,-0.06,-5.3,-0.2,-5.6,-1.2,8.6,2.1,11.7,6.9,24.9,2.2,1.3,18.7,25.3,jalensuggs,6592920.0,7190222.0
20,71,71,0,25.6,3.5,6.9,3.3,6.3,0.2,0.6,1.0,1.5,3.2,5.5,8.7,1.2,0.3,1.1,1.2,3.0,8.3,0.51,0.529,0.326,0.718,0.55,0.526,F-C,3.4,113.0,112,1.6,1.8,0.091,-2.5,-0.8,-3.3,-0.6,14.0,12.8,24.5,18.4,6.9,0.6,3.9,13.7,14.6,isaiahstewart,3277080.0,3573975.0
27,71,71,0,32.3,4.2,10.1,2.5,5.0,1.7,5.1,2.0,2.5,0.6,3.2,3.8,5.9,1.7,0.3,2.2,2.3,12.1,0.418,0.506,0.331,0.793,0.54,0.501,G,5.6,110.0,107,1.9,3.7,0.116,-1.2,1.7,0.5,1.5,13.6,2.0,10.5,6.4,25.6,2.6,0.7,16.6,18.3,marcussmart,13839285.0,15093090.0
22,57,30,0,29.5,6.2,14.0,3.1,6.2,3.1,7.8,1.8,2.0,0.5,2.2,2.6,3.9,0.5,0.1,2.0,1.9,17.3,0.443,0.49,0.405,0.888,0.583,0.555,G,1.9,112.0,121,2.0,-0.1,0.055,1.9,-2.7,-0.7,0.5,15.3,1.6,8.5,4.9,22.2,0.9,0.4,11.9,24.8,anferneesimons,3938818.0,4295665.0
27,68,68,0,37.9,8.8,17.8,7.7,14.5,1.1,3.2,4.2,5.6,1.9,6.6,8.5,5.3,1.3,0.6,2.7,3.3,22.8,0.494,0.527,0.344,0.749,0.565,0.525,F,8.1,116.0,110,4.9,3.2,0.151,2.7,0.8,3.5,3.6,20.3,5.1,20.1,12.2,23.0,1.6,1.6,11.6,25.8,pascalsiakam,33003936.0,35994012.0
28,64,29,0,28.7,4.9,11.3,3.5,7.4,1.3,3.9,2.5,2.9,0.5,2.8,3.3,4.6,0.8,0.1,2.2,2.4,13.5,0.431,0.477,0.344,0.853,0.539,0.49,G,2.9,107.0,112,1.0,1.9,0.076,-1.5,-0.4,-1.9,0.0,13.0,2.0,10.5,6.3,24.2,1.4,0.4,15.1,22.6,dennisschroeder,5890000.0,6423619.0
25,62,61,0,34.5,7.1,12.5,6.5,10.5,0.6,2.0,4.0,5.4,3.2,8.9,12.1,5.2,1.0,0.4,3.1,3.3,18.9,0.573,0.623,0.312,0.741,0.637,0.598,C-F,7.1,121.0,113,5.3,1.8,0.159,3.2,0.9,4.1,3.2,21.9,10.3,29.0,19.5,23.6,1.3,1.1,17.5,22.3,domantassabonis,18500000.0,20176055.0
25,65,65,0,32.0,6.2,15.0,3.5,7.0,2.7,8.0,3.0,3.7,0.4,2.9,3.3,7.1,1.0,0.3,2.5,2.0,18.1,0.411,0.492,0.34,0.825,0.544,0.502,G,4.4,112.0,115,2.9,1.5,0.101,2.2,-1.5,0.8,1.4,16.3,1.3,10.1,5.6,33.1,1.4,1.0,13.2,25.1,dangelorussell,30013500.0,32732650.0
27,73,73,0,33.7,7.1,16.0,4.1,7.9,3.0,8.1,2.1,2.4,0.8,3.5,4.3,4.5,1.3,0.3,1.3,1.6,19.3,0.444,0.516,0.374,0.852,0.566,0.539,G,5.9,117.0,115,4.3,1.6,0.115,2.4,-0.7,1.7,2.3,17.6,2.4,11.3,6.8,19.7,1.8,1.0,7.2,23.2,terryrozier,17905263.0,19527436.0
23,45,28,0,21.1,3.7,7.2,2.7,5.0,1.0,2.2,1.7,2.6,1.7,3.2,4.8,1.6,0.8,0.8,1.0,2.4,10.1,0.514,0.545,0.444,0.672,0.607,0.582,F,2.9,120.0,111,1.8,1.1,0.147,0.4,0.2,0.6,0.6,18.3,8.0,15.6,11.8,12.1,1.8,3.3,10.3,19.0,isaiahroby,1782621.0,1944122.0
21,49,36,0,22.2,2.7,6.6,1.6,3.2,1.2,3.4,0.8,1.1,1.5,4.1,5.6,1.0,0.6,0.3,0.8,1.5,7.5,0.414,0.478,0.352,0.741,0.526,0.503,F,1.5,108.0,113,0.4,1.0,0.065,-1.9,-0.4,-2.2,-0.1,11.7,7.0,19.1,13.0,6.7,1.3,1.3,10.1,15.4,jeremiahrobinsonearl,2000000.0,2181195.0
27,79,68,0,25.9,3.7,9.2,0.7,1.3,2.9,7.9,0.6,0.8,0.3,2.3,2.6,1.6,0.5,0.2,0.8,2.5,10.9,0.399,0.569,0.372,0.836,0.573,0.559,G-F,3.9,113.0,112,1.9,2.0,0.092,-0.3,-0.3,-0.6,0.7,10.6,1.4,9.8,5.6,9.3,1.0,0.7,7.4,17.7,duncanrobinson,15650000.0,17067852.0
27,72,72,0,35.3,7.1,17.3,5.4,11.9,1.7,5.4,4.2,5.6,1.7,8.2,9.9,5.1,0.7,0.5,3.4,2.8,20.1,0.411,0.458,0.308,0.756,0.509,0.459,F-C,3.1,102.0,109,-0.3,3.4,0.059,0.4,0.2,0.5,1.6,15.7,5.2,25.5,15.1,25.1,1.0,1.5,14.7,28.7,juliusrandle,19800000.0,21593832.0
28,45,41,0,32.4,6.2,13.4,3.8,7.8,2.4,5.6,4.2,5.2,0.4,2.8,3.2,2.1,0.9,0.5,1.5,2.4,19.0,0.461,0.491,0.419,0.811,0.603,0.549,G,2.8,116.0,119,2.4,0.4,0.093,1.2,-1.5,-0.3,0.6,16.3,1.5,9.7,5.4,10.8,1.4,1.4,8.9,23.1,normanpowell,15517242.0,16923066.0
30,82,71,0,21.9,3.3,4.9,3.1,4.4,0.2,0.5,2.0,2.6,2.1,2.8,4.9,1.2,0.5,0.5,0.8,2.7,8.7,0.671,0.703,0.351,0.783,0.725,0.687,F-C,8.2,142.0,110,6.0,2.2,0.219,0.4,0.5,0.9,1.3,18.1,10.7,14.3,12.5,8.1,1.0,2.0,11.5,14.0,dwightpowell,11080125.0,12083957.0
26,51,51,0,29.0,6.9,15.0,5.4,10.1,1.5,4.9,4.9,5.6,2.0,6.1,8.1,2.3,0.7,1.6,1.6,2.7,20.2,0.459,0.532,0.31,0.867,0.577,0.51,F-C,5.6,116.0,107,3.2,2.4,0.18,3.3,0.6,3.9,2.2,23.7,7.7,23.1,15.4,13.7,1.3,5.0,8.3,29.5,kristapsporzingis,31650600.0,34518067.0
26,72,59,0,28.2,5.8,12.1,3.9,7.4,1.8,4.7,1.2,1.6,2.5,6.6,9.1,1.2,0.7,0.7,1.3,2.4,14.6,0.479,0.533,0.393,0.752,0.571,0.555,F,5.5,115.0,110,2.9,2.6,0.131,1.2,-1.0,0.2,1.1,17.7,9.6,24.4,17.2,6.4,1.3,2.4,8.9,21.3,bobbyportis,4347600.0,4741482.0
21,61,61,0,31.3,5.5,13.2,3.0,6.5,2.5,6.8,2.0,3.2,0.7,3.7,4.4,6.2,1.1,0.4,3.1,2.6,15.6,0.415,0.456,0.375,0.642,0.531,0.511,G,0.8,103.0,117,0.0,0.8,0.021,-0.1,-1.6,-1.6,0.2,13.5,2.5,13.0,7.7,30.7,1.7,1.0,17.7,24.1,kevinporter,1782621.0,1944122.0
22,76,51,0,30.0,6.2,13.9,3.5,6.3,2.8,7.6,3.2,3.5,0.4,3.0,3.4,4.0,0.8,0.3,2.5,2.7,18.5,0.448,0.55,0.364,0.925,0.598,0.548,G,6.0,112.0,110,3.1,2.9,0.126,1.3,-0.3,1.0,1.7,16.1,1.7,10.5,6.2,21.0,1.3,1.0,13.7,26.0,jordanpoole,2161440.0,2357261.0
31,73,73,0,24.6,2.8,4.4,2.8,4.4,0.0,0.0,0.9,2.3,2.4,5.3,7.7,3.1,0.8,0.7,1.4,3.1,6.5,0.641,0.645,0.0,0.392,0.603,0.641,C-F,4.7,122.0,111,2.7,2.0,0.127,-1.5,1.5,0.0,0.9,14.7,10.2,23.3,16.7,16.4,1.6,2.7,20.2,11.7,masonplumlee,9248333.0,10086209.0
36,65,65,1,32.9,5.6,11.3,4.6,8.3,1.0,3.1,2.6,3.1,0.3,4.0,4.4,10.8,1.9,0.3,2.4,2.1,14.7,0.493,0.559,0.317,0.837,0.581,0.536,G,9.4,124.0,107,5.8,3.6,0.21,3.1,2.3,5.4,4.0,20.8,1.1,12.8,7.1,44.5,2.7,0.8,15.6,19.7,chrispaul,30800000.0,33590405.0
21,67,61,0,29.6,3.1,6.4,2.3,4.1,0.8,2.3,1.8,2.3,1.1,1.9,3.0,1.8,0.8,0.3,0.9,2.4,8.8,0.48,0.555,0.35,0.768,0.589,0.544,G-F,4.2,120.0,113,2.4,1.9,0.103,-2.4,0.7,-1.7,0.1,10.4,4.1,7.1,5.6,8.5,1.4,1.0,10.4,12.4,isaacokoro,6720720.0,7329600.0
28,77,77,0,31.2,2.6,5.8,1.1,1.8,1.5,4.0,0.6,0.7,0.8,3.9,4.8,2.5,1.1,0.4,1.0,2.4,7.4,0.457,0.609,0.389,0.804,0.608,0.591,F,5.5,122.0,111,2.7,2.8,0.109,-0.8,1.7,0.8,1.7,10.3,3.0,13.4,8.4,10.5,1.8,1.2,14.4,9.9,royceoneale,8800000.0,9597258.0
27,56,56,0,28.2,5.7,10.7,5.5,9.7,0.3,1.0,3.3,4.8,3.0,8.1,11.1,2.8,1.1,0.6,2.6,3.4,15.0,0.535,0.563,0.268,0.69,0.586,0.548,C,3.6,112.0,112,2.0,1.7,0.11,0.1,0.2,0.3,0.9,20.0,11.2,32.6,21.5,16.6,1.9,2.1,16.6,23.6,jusufnurkic,12000000.0,13087170.0
25,68,68,1,34.8,8.4,18.3,7.0,13.9,1.4,4.3,2.9,3.6,1.2,7.1,8.3,9.2,2.0,0.3,2.6,2.0,21.1,0.462,0.504,0.327,0.794,0.533,0.5,G,7.3,113.0,108,3.9,3.4,0.149,3.7,1.7,5.4,4.4,22.3,3.5,21.6,12.5,40.6,2.8,0.8,11.8,27.3,dejountemurray,15428880.0,16826699.0
26,75,74,0,29.9,5.0,10.3,3.3,6.1,1.7,4.2,1.0,1.1,0.4,2.7,3.0,4.4,0.7,0.2,1.0,1.2,12.6,0.484,0.545,0.395,0.869,0.583,0.564,G,5.4,120.0,115,3.9,1.5,0.116,0.8,-0.8,0.0,1.1,14.7,1.4,9.6,5.6,21.4,1.2,0.6,8.8,17.4,montemorris,8449074.0,9214539.0
32,54,54,0,29.0,5.6,12.8,3.7,7.7,1.9,5.1,2.4,2.7,0.5,3.9,4.4,2.1,0.5,0.3,1.3,2.1,15.4,0.434,0.478,0.367,0.872,0.549,0.507,F,2.4,108.0,112,0.9,1.5,0.074,-0.3,-1.0,-1.4,0.3,13.7,1.8,14.0,8.1,11.3,0.9,1.0,8.4,23.2,marcusmorris,15627907.0,17043757.0
22,57,57,1,33.1,10.2,20.6,8.6,16.2,1.5,4.5,5.5,7.3,1.4,4.4,5.7,6.7,1.2,0.4,3.4,1.5,27.4,0.493,0.534,0.344,0.761,0.575,0.53,G,6.7,116.0,111,4.6,2.1,0.171,6.2,-0.1,6.1,3.9,24.4,4.2,14.1,9.0,34.1,1.7,1.0,12.6,33.7,jamorant,9603360.0,10473401.0
23,76,37,0,28.1,5.1,10.9,2.9,5.1,2.3,5.8,1.2,1.5,0.5,2.9,3.4,2.9,0.8,0.4,1.6,1.8,13.8,0.473,0.568,0.391,0.795,0.597,0.578,G,3.6,112.0,115,2.3,1.4,0.081,0.5,-1.0,-0.5,0.8,14.4,1.9,11.0,6.4,15.2,1.4,1.2,12.2,20.1,malikmonk,1789256.0,1951358.0
20,69,69,0,33.8,6.1,12.0,5.8,10.7,0.3,1.3,2.4,3.7,2.1,6.2,8.3,2.5,0.8,1.7,1.9,2.1,15.0,0.508,0.541,0.25,0.663,0.549,0.522,F-C,5.2,109.0,107,1.5,3.7,0.107,-0.9,1.5,0.6,1.5,16.1,6.9,19.8,13.5,11.6,1.2,4.4,12.4,20.4,evanmobley,8075160.0,8806749.0
25,67,67,1,33.8,9.2,20.5,5.7,10.8,3.5,9.8,4.0,4.7,0.8,3.4,4.2,5.3,1.5,0.2,3.0,2.4,25.9,0.448,0.533,0.355,0.853,0.572,0.533,G,7.2,114.0,111,4.7,2.5,0.152,4.6,-0.3,4.3,3.6,21.6,2.7,10.6,6.8,27.7,2.2,0.5,11.7,32.9,donovanmitchell,28103500.0,30649609.0
33,81,48,0,29.0,4.0,9.8,1.2,2.8,2.8,7.0,0.6,0.7,0.2,1.7,1.9,2.3,0.6,0.2,0.9,1.4,11.4,0.408,0.429,0.4,0.814,0.563,0.551,G,2.8,112.0,117,1.9,0.9,0.058,-0.3,-1.4,-1.7,0.2,10.4,0.9,6.2,3.6,10.6,1.1,0.6,8.2,16.4,patrickmills,5890000.0,6423619.0
30,66,66,1,32.4,6.8,15.5,4.4,8.9,2.5,6.6,3.9,4.4,0.6,4.8,5.4,5.4,1.2,0.3,2.9,2.4,20.1,0.443,0.494,0.373,0.89,0.577,0.522,F-G,5.3,112.0,112,3.2,2.2,0.119,1.9,-0.3,1.6,1.9,18.1,2.1,15.3,8.8,25.5,1.7,0.8,14.2,26.7,khrismiddleton,35500000.0,38716214.0
30,51,51,0,24.0,4.2,9.1,2.1,4.1,2.1,5.0,0.8,1.0,0.4,1.9,2.3,1.3,0.3,0.1,0.8,1.5,11.3,0.462,0.512,0.422,0.784,0.593,0.578,F,1.6,112.0,118,1.1,0.5,0.062,-0.4,-2.1,-2.5,-0.1,11.4,1.5,8.4,4.9,7.3,0.5,0.4,8.1,18.3,dougmcdermott,13750000.0,14995716.0
21,70,31,0,25.8,3.6,7.9,2.5,4.3,1.1,3.6,0.8,1.0,1.1,3.1,4.2,1.1,0.7,0.8,1.1,3.2,9.2,0.46,0.579,0.317,0.803,0.553,0.532,F,2.4,108.0,113,0.7,1.7,0.065,-2.9,-0.1,-2.9,-0.4,10.3,4.4,13.2,8.7,6.1,1.4,2.9,11.4,15.3,jadenmcdaniels,2063280.0,2250208.0
30,62,62,0,34.6,8.6,18.8,5.7,11.2,2.9,7.6,1.9,2.7,0.9,3.5,4.3,5.1,1.1,0.4,2.0,2.0,22.1,0.46,0.509,0.388,0.682,0.553,0.539,G,3.6,111.0,117,2.6,1.0,0.081,3.2,-1.3,1.9,2.1,18.3,2.6,11.5,6.9,26.1,1.6,1.0,9.3,27.5,cjmccollum,30864198.0,33660419.0
21,75,74,0,35.3,6.4,13.3,4.7,9.1,1.8,4.1,2.8,3.3,0.3,2.9,3.2,4.3,0.7,0.4,1.2,2.1,17.5,0.485,0.512,0.427,0.866,0.594,0.552,G,7.3,121.0,115,5.4,1.9,0.132,1.3,-0.7,0.6,1.8,16.2,1.1,8.9,5.1,19.1,1.0,1.1,7.4,20.2,tyresemaxey,2602920.0,2838738.0
25,65,33,0,26.3,2.8,7.1,0.7,1.2,2.1,5.9,2.2,2.8,0.5,2.4,2.9,1.0,0.9,0.4,0.6,2.6,10.0,0.399,0.6,0.36,0.794,0.602,0.55,G,2.8,120.0,118,2.2,0.5,0.078,-1.3,-1.0,-2.3,-0.1,11.0,2.0,10.2,6.1,5.3,1.6,1.3,7.1,14.4,garrisonmathews,2000000.0,2181195.0
24,61,61,0,30.8,5.1,11.5,2.9,5.3,2.2,6.2,2.3,2.6,1.0,4.7,5.7,1.3,0.7,0.5,0.9,2.1,14.8,0.445,0.548,0.358,0.868,0.582,0.542,F-C,5.0,117.0,110,2.7,2.3,0.127,0.4,-0.1,0.4,1.1,14.7,3.5,16.5,10.2,6.6,1.2,1.4,6.5,19.5,laurimarkkanen,15690909.0,17112467.0
25,81,33,0,28.6,4.1,8.5,3.2,6.0,0.9,2.6,1.6,2.0,1.3,4.0,5.2,2.6,0.7,0.3,1.0,2.2,10.8,0.484,0.535,0.365,0.78,0.572,0.539,G-F,5.5,117.0,112,3.1,2.4,0.113,-0.8,0.2,-0.6,0.8,13.4,4.9,14.3,9.7,13.1,1.2,0.8,9.9,16.0,terancemann,1782621.0,1944122.0
35,63,63,0,33.9,4.4,10.0,2.1,3.9,2.3,6.1,2.3,2.8,0.5,4.0,4.5,7.5,1.1,0.3,2.7,2.8,13.4,0.44,0.539,0.377,0.851,0.6,0.555,G,6.4,118.0,110,3.7,2.7,0.143,1.1,0.8,2.0,2.1,15.0,1.8,13.0,7.5,32.3,1.6,0.8,19.3,18.2,kylelowry,26984128.0,29428824.0
25,82,80,0,21.1,2.5,4.4,2.5,4.4,0.0,0.0,0.9,1.5,2.5,4.7,7.3,2.0,0.6,0.6,0.8,2.6,6.0,0.571,0.573,0.0,0.6,0.586,0.571,F-C,6.8,128.0,105,3.5,3.2,0.187,-0.9,1.7,0.9,1.3,15.7,13.5,23.8,18.8,13.2,1.4,2.9,13.8,12.2,kevonlooney,5178572.0,5647738.0
31,29,29,0,36.4,7.7,19.0,4.5,9.2,3.2,9.8,5.5,6.2,0.4,3.7,4.1,7.3,0.6,0.4,2.9,1.3,24.0,0.402,0.485,0.324,0.878,0.55,0.486,G,1.7,112.0,120,1.7,0.1,0.079,4.0,-2.7,1.3,0.9,18.5,1.3,11.6,6.2,34.0,0.8,1.0,11.6,29.3,damianlillard,39344900.0,42909452.0
27,58,49,0,30.7,6.5,14.7,5.1,10.3,1.4,4.4,2.5,3.3,0.7,2.9,3.7,4.3,0.9,0.4,1.9,2.3,17.0,0.444,0.497,0.32,0.756,0.525,0.492,G-F,2.2,108.0,116,1.2,1.0,0.059,0.0,-1.2,-1.2,0.4,15.1,2.7,10.7,6.7,22.0,1.4,1.1,10.3,25.4,carislevert,17500000.0,19085457.0
26,67,67,1,34.7,8.4,17.7,5.7,10.6,2.8,7.1,4.8,5.6,0.3,4.3,4.6,4.5,0.6,0.3,2.6,1.8,24.4,0.476,0.534,0.389,0.853,0.605,0.554,G-F,5.8,115.0,116,4.5,1.3,0.12,3.9,-1.5,2.4,2.6,20.0,1.1,13.8,7.4,20.8,0.9,0.9,11.2,28.8,zachlavine,19500000.0,21266652.0
26,66,66,0,33.4,6.4,14.2,4.5,8.5,1.9,5.7,2.4,3.3,1.1,7.4,8.5,3.5,0.6,0.9,2.6,1.9,17.1,0.452,0.526,0.341,0.712,0.547,0.52,F,2.0,103.0,113,0.0,2.0,0.044,0.2,-0.4,-0.2,1.0,15.2,3.6,24.3,14.1,16.3,0.9,2.2,14.1,24.2,kylekuzma,13000000.0,14177768.0
22,77,36,0,23.4,3.0,6.7,1.6,2.5,1.5,4.2,0.7,0.8,0.7,2.0,2.7,1.1,0.5,0.3,0.6,1.2,8.2,0.455,0.629,0.35,0.871,0.586,0.564,G-F,2.3,114.0,118,1.6,0.7,0.061,-0.8,-1.5,-2.3,-0.1,10.9,3.3,9.4,6.4,6.7,1.0,1.0,8.5,14.6,coreykispert,3383640.0,3690189.0
30,65,39,0,24.6,2.7,6.2,1.7,3.7,1.0,2.4,1.5,1.7,0.4,2.2,2.7,3.6,0.6,0.3,1.3,2.3,8.0,0.445,0.465,0.414,0.885,0.579,0.526,G,2.5,115.0,116,1.7,0.8,0.075,-2.0,-0.1,-2.1,0.0,11.4,1.9,10.3,5.9,21.8,1.3,1.0,15.9,14.3,coryjoseph,7310000.0,7972268.0
26,74,74,1,33.5,10.3,17.7,9.0,13.8,1.3,3.9,5.1,6.3,2.8,11.0,13.8,7.9,1.5,0.9,3.8,2.6,27.1,0.583,0.652,0.337,0.81,0.661,0.62,C-F,15.2,126.0,105,10.8,4.5,0.296,9.2,4.5,13.7,9.8,32.8,9.6,35.5,23.0,42.6,2.2,2.3,15.6,31.9,nikolajokic,31044906.0,33857499.0
22,75,74,0,31.9,6.3,13.5,4.2,8.2,2.1,5.3,2.4,3.1,1.1,5.0,6.1,2.1,0.8,0.2,1.2,2.0,17.0,0.466,0.51,0.398,0.756,0.574,0.545,G,4.9,114.0,114,2.9,2.0,0.098,0.7,-1.2,-0.5,0.9,15.2,3.5,16.7,10.0,9.5,1.2,0.5,7.6,21.3,keldonjohnson,2145720.0,2340117.0
37,56,56,1,37.2,11.4,21.8,8.6,13.8,2.9,8.0,4.5,6.0,1.1,7.1,8.2,6.2,1.3,1.1,3.5,2.2,30.3,0.524,0.62,0.359,0.756,0.619,0.59,F-G,7.5,117.0,111,5.2,2.3,0.172,6.9,0.8,7.7,5.1,26.2,3.3,20.4,11.8,30.6,1.7,2.5,12.5,32.3,lebronjames,41180544.0,44911401.0
31,75,75,0,31.2,6.4,16.3,4.2,9.5,2.2,6.8,1.8,2.2,0.5,3.1,3.6,4.8,0.7,0.2,2.3,2.1,16.8,0.392,0.439,0.326,0.847,0.488,0.46,G,0.4,99.0,113,-1.7,2.0,0.008,-1.4,-1.6,-3.0,-0.6,12.1,1.8,10.2,6.1,24.6,1.2,0.5,11.8,27.6,reggiejackson,10384500.0,11325310.0
22,78,78,0,27.3,5.5,13.3,3.9,8.1,1.6,5.1,3.6,4.4,1.5,4.3,5.8,1.1,0.9,2.3,1.7,3.5,16.3,0.415,0.476,0.319,0.823,0.535,0.477,F,5.4,109.0,106,1.7,3.7,0.121,-0.9,0.8,-0.1,1.0,17.0,5.7,16.9,11.2,5.8,1.6,7.4,9.9,25.4,jarenjackson,9180560.0,10012296.0
29,29,29,0,37.6,10.0,21.2,6.5,13.0,3.4,8.2,4.1,4.4,0.6,3.8,4.4,5.8,1.4,0.6,2.5,2.8,27.4,0.469,0.501,0.418,0.915,0.592,0.55,G,3.3,117.0,114,2.4,0.9,0.147,4.2,-1.2,3.0,1.4,21.4,1.6,10.8,6.3,25.2,1.8,1.4,9.8,29.4,kyrieirving,35328700.0,38529394.0
24,55,55,0,34.0,8.2,17.9,6.9,13.8,1.3,4.1,4.8,5.9,0.6,5.2,5.8,5.6,0.6,0.5,2.7,2.2,22.7,0.461,0.501,0.327,0.826,0.554,0.498,F,3.9,111.0,115,2.5,1.3,0.099,2.6,-0.6,2.0,1.9,18.7,2.0,17.3,9.5,27.8,0.9,1.3,11.8,29.3,brandoningram,29467800.0,32137511.0
24,53,52,0,29.8,4.8,10.8,3.4,7.2,1.4,3.7,2.4,3.1,0.5,2.8,3.3,1.3,0.7,0.4,1.3,2.9,13.4,0.442,0.474,0.379,0.765,0.547,0.506,F,1.1,106.0,117,0.4,0.7,0.034,-2.4,-1.5,-3.9,-0.8,10.6,1.8,10.4,6.1,6.1,1.1,1.2,9.6,19.9,deandrehunter,7775400.0,8479832.0
23,74,60,0,29.6,4.7,10.3,2.5,4.7,2.2,5.6,0.6,0.7,0.4,3.0,3.4,2.7,0.7,0.4,1.2,2.5,12.1,0.454,0.53,0.389,0.808,0.57,0.559,G,2.8,112.0,117,1.8,1.0,0.062,-0.5,-0.7,-1.2,0.4,11.9,1.6,11.0,6.4,13.2,1.2,1.1,10.4,17.5,kevinhuerter,4253357.0,4638700.0
35,69,69,0,29.1,3.9,8.2,2.6,4.4,1.3,3.8,1.2,1.4,1.6,6.1,7.7,3.4,0.7,1.3,0.9,1.9,10.2,0.467,0.582,0.336,0.842,0.574,0.546,C-F,7.6,124.0,104,3.7,3.8,0.181,1.4,2.9,4.3,3.2,16.7,6.0,22.2,14.3,16.4,1.2,4.2,9.6,14.8,alhorford,27000000.0,29446134.0
28,45,37,0,23.9,4.4,6.7,4.4,6.6,0.0,0.1,1.6,2.0,2.1,5.0,7.0,1.1,0.4,0.9,1.2,2.8,10.4,0.66,0.664,0.4,0.778,0.689,0.663,C-F,3.2,127.0,114,2.4,0.9,0.145,-0.4,-0.1,-0.5,0.4,17.8,9.3,22.9,16.1,6.8,0.8,3.3,14.2,15.8,richaunholmes,10384500.0,11325310.0
32,74,65,0,27.8,3.5,8.9,1.1,2.4,2.4,6.5,0.7,0.8,0.4,2.2,2.6,1.7,0.8,0.4,0.9,2.1,10.1,0.394,0.467,0.367,0.806,0.543,0.528,F,1.4,107.0,118,0.8,0.6,0.033,-1.4,-0.8,-2.2,-0.1,9.5,1.5,8.8,5.1,8.6,1.3,1.4,9.2,15.8,justinholiday,6006420.0,6550587.0
31,67,64,0,33.0,7.1,14.2,5.2,9.4,2.0,4.8,2.0,2.7,1.0,3.5,4.5,6.8,1.6,0.4,2.7,2.0,18.3,0.501,0.547,0.411,0.761,0.593,0.57,G,6.9,117.0,112,4.5,2.4,0.15,2.9,0.3,3.2,2.9,19.8,3.4,10.9,7.2,31.8,2.4,1.3,15.0,23.5,jrueholiday,31171333.0,33995380.0
29,81,32,0,30.9,5.5,13.6,2.3,4.7,3.2,8.8,1.4,1.6,0.8,3.5,4.4,2.8,0.9,0.3,1.9,2.3,15.6,0.406,0.482,0.366,0.874,0.548,0.526,G-F,1.9,105.0,117,0.8,1.1,0.036,0.5,-1.7,-1.2,0.5,12.9,2.9,12.8,7.8,13.8,1.4,0.9,11.7,22.4,buddyhield,23073234.0,25163613.0
31,49,48,0,31.9,5.8,12.6,4.0,8.1,1.8,4.5,2.6,3.0,0.8,3.8,4.6,3.6,1.0,0.4,1.7,1.7,15.9,0.459,0.496,0.391,0.846,0.57,0.528,F-G,2.8,113.0,116,1.9,1.0,0.087,0.1,-0.8,-0.7,0.5,15.1,2.5,12.8,7.6,16.1,1.4,1.3,10.6,20.7,gordonhayward,29925000.0,32636132.0
20,66,40,0,25.0,2.7,7.0,2.0,4.4,0.7,2.5,0.9,1.1,0.5,2.6,3.2,4.2,1.2,0.5,1.7,2.8,6.9,0.383,0.452,0.263,0.77,0.461,0.431,G,0.5,97.0,113,-1.0,1.5,0.014,-4.3,0.8,-3.5,-0.6,9.3,2.2,12.0,6.9,24.6,2.3,1.9,18.4,15.7,killianhayes,5572680.0,6077551.0
21,70,28,0,20.0,3.5,5.7,3.2,4.9,0.3,0.8,2.1,2.7,1.6,2.9,4.5,0.6,0.5,0.8,0.8,2.2,9.3,0.616,0.66,0.351,0.766,0.68,0.641,F,5.1,132.0,113,3.7,1.3,0.174,0.6,-0.3,0.2,0.8,18.5,8.9,16.2,12.5,4.7,1.2,3.8,10.1,16.4,jaxsonhayes,5348280.0,5832821.0
26,54,53,0,33.2,5.3,10.5,4.0,6.6,1.4,3.9,3.0,3.9,1.1,6.0,7.2,4.1,1.1,0.2,2.1,2.8,14.9,0.504,0.601,0.343,0.758,0.61,0.569,G,4.4,117.0,113,2.8,1.5,0.117,0.5,0.5,0.9,1.3,16.1,3.7,20.7,12.0,18.9,1.7,0.7,14.7,18.6,joshhart,12000000.0,13087170.0
29,73,73,0,34.8,6.8,14.0,5.4,10.2,1.4,3.8,2.3,2.8,1.1,5.7,6.8,3.5,0.6,0.6,1.6,2.2,17.2,0.482,0.525,0.367,0.842,0.566,0.532,F,5.6,113.0,112,3.0,2.6,0.105,0.6,-0.6,0.0,1.3,15.9,3.4,18.1,10.9,15.9,0.9,1.5,9.5,21.7,tobiasharris,35995950.0,39257095.0
27,61,30,0,28.4,3.9,9.1,2.0,4.1,1.9,5.0,1.4,1.6,0.6,1.4,2.0,1.8,1.0,0.1,1.0,1.8,11.1,0.434,0.494,0.384,0.874,0.571,0.539,G,2.2,110.0,116,1.1,1.0,0.06,-2.0,-0.4,-2.4,-0.2,10.9,2.2,5.3,3.7,9.5,1.6,0.5,9.3,16.4,garyharris,20932143.0,22828544.0
32,65,65,1,37.2,6.3,15.3,4.0,8.4,2.3,6.9,7.2,8.2,0.8,6.8,7.7,10.3,1.3,0.6,4.4,2.4,22.0,0.41,0.476,0.33,0.877,0.583,0.485,G,7.6,115.0,111,4.9,2.7,0.152,3.7,0.3,4.0,3.7,20.9,2.6,19.7,11.3,40.3,1.7,1.3,18.8,27.2,jamesharden,44310840.0,48325294.0
21,77,77,0,35.0,5.6,11.8,3.5,6.8,2.1,5.1,2.1,2.5,0.8,3.2,4.0,8.2,1.7,0.6,2.6,1.6,15.3,0.473,0.517,0.414,0.842,0.595,0.562,G,7.0,119.0,115,5.2,1.8,0.125,2.7,-0.1,2.6,3.1,18.2,2.5,10.3,6.3,34.1,2.4,1.6,16.7,19.0,tyresehaliburton,4023600.0,4388128.0
35,75,63,0,24.7,3.7,7.1,3.0,4.8,0.7,2.2,2.2,2.6,0.5,2.5,3.1,1.3,0.4,0.4,0.9,2.0,10.3,0.524,0.62,0.315,0.833,0.627,0.574,F,3.9,119.0,115,2.7,1.2,0.101,-1.2,-1.3,-2.5,-0.2,12.5,2.6,11.1,7.0,7.3,0.7,1.3,10.3,16.3,jeffgreen,4500000.0,4907689.0
28,65,45,0,23.4,2.7,5.0,2.2,3.4,0.6,1.6,1.2,1.5,1.4,2.8,4.2,0.9,1.0,0.5,0.5,2.0,7.2,0.542,0.625,0.356,0.833,0.637,0.597,F,4.4,131.0,112,2.9,1.5,0.139,-0.6,0.7,0.1,0.8,14.0,6.8,13.6,10.2,5.3,2.2,1.8,7.6,11.5,javontegreen,1669178.0,1820401.0
19,67,67,0,31.9,6.1,14.2,3.7,7.4,2.3,6.8,2.8,3.5,0.5,2.9,3.4,2.6,0.7,0.3,2.0,1.5,17.3,0.426,0.502,0.343,0.797,0.547,0.508,G,0.7,105.0,120,0.5,0.2,0.015,-0.5,-2.4,-2.9,-0.5,12.5,1.7,10.0,5.8,13.1,1.0,0.8,11.3,23.7,jalengreen,8992080.0,9806740.0
31,46,44,1,28.9,2.9,5.6,2.6,4.4,0.3,1.2,1.3,2.0,1.0,6.3,7.3,7.0,1.3,1.1,3.0,3.0,7.5,0.525,0.586,0.296,0.659,0.582,0.556,F,3.6,109.0,103,0.8,2.8,0.131,-1.4,4.6,3.2,1.8,14.3,3.8,23.2,13.8,32.5,2.2,3.6,31.9,14.3,draymondgreen,24026712.0,26203473.0
34,62,28,0,21.8,2.0,5.2,0.4,0.8,1.7,4.4,0.2,0.2,0.5,2.0,2.5,1.0,1.0,0.6,0.7,1.7,5.9,0.394,0.469,0.38,0.786,0.561,0.555,G-F,1.9,106.0,111,0.3,1.6,0.067,-1.4,0.8,-0.5,0.5,9.5,2.7,10.1,6.5,6.5,2.2,2.5,12.1,12.3,dannygreen,10000000.0,10905975.0
27,47,47,0,31.9,6.3,14.9,4.4,9.5,1.9,5.4,4.6,5.5,0.6,3.5,4.1,2.4,0.9,1.0,1.8,2.3,19.2,0.426,0.465,0.358,0.838,0.556,0.491,F,2.3,109.0,114,1.2,1.1,0.075,1.4,-0.2,1.2,1.2,16.1,1.9,12.4,6.9,12.5,1.4,2.9,9.5,25.7,jeramigrant,20002500.0,21814678.0
26,76,63,0,28.4,3.9,10.7,1.4,3.3,2.5,7.4,1.6,1.8,0.5,1.8,2.3,4.2,0.9,0.2,1.4,1.3,11.9,0.363,0.413,0.341,0.843,0.514,0.481,G,2.8,109.0,116,1.6,1.2,0.062,0.2,-1.2,-1.0,0.5,12.1,1.9,7.3,4.5,21.0,1.6,0.5,10.7,19.5,devontegraham,11000000.0,11996573.0
33,57,46,0,29.3,4.7,9.9,2.5,4.6,2.2,5.3,1.8,2.4,0.3,1.7,2.0,2.7,0.5,0.3,1.9,1.1,13.4,0.475,0.548,0.412,0.778,0.614,0.585,G-F,1.4,111.0,121,1.5,-0.1,0.04,-0.1,-2.2,-2.3,-0.1,12.1,1.0,6.5,3.7,14.1,0.8,1.0,14.6,18.6,ericgordon,18218818.0,19869398.0
26,75,75,0,31.7,5.8,11.1,4.6,7.7,1.2,3.5,2.3,3.1,1.7,4.2,5.9,2.5,0.6,0.6,1.8,2.0,15.0,0.52,0.605,0.335,0.743,0.602,0.573,F,5.2,115.0,114,3.2,2.0,0.105,0.5,-1.1,-0.6,0.9,15.3,6.1,14.3,10.3,11.6,0.9,1.7,12.5,19.7,aarongordon,16409091.0,17895714.0
29,66,66,1,32.1,5.5,7.7,5.5,7.6,0.0,0.1,4.6,6.7,3.7,11.0,14.7,1.1,0.7,2.1,1.8,2.7,15.6,0.713,0.718,0.0,0.69,0.732,0.713,C,11.7,137.0,103,7.3,4.3,0.264,2.9,1.7,4.6,3.6,24.7,12.9,36.3,25.0,5.1,1.0,5.7,14.5,16.9,rudygobert,35344828.0,38546983.0
23,56,56,0,34.7,8.5,18.8,6.9,13.5,1.6,5.3,5.9,7.2,0.7,4.3,5.0,5.9,1.3,0.8,2.8,2.5,24.5,0.453,0.514,0.3,0.81,0.557,0.496,G,4.6,111.0,113,2.8,1.8,0.113,2.9,0.5,3.4,2.7,20.9,1.9,13.0,7.4,31.1,1.8,2.2,11.1,30.8,shaigilgeousalexander,5495532.0,5993413.0
19,54,54,0,31.5,5.2,12.4,4.2,8.5,1.0,3.9,1.0,1.5,1.8,6.0,7.8,6.4,0.9,0.4,3.2,1.6,12.5,0.419,0.492,0.263,0.709,0.478,0.461,G,0.4,97.0,112,-1.3,1.7,0.01,-1.2,0.3,-0.9,0.5,13.3,5.8,19.8,12.7,32.3,1.5,1.1,19.5,22.2,joshgiddey,5988000.0,6530498.0
31,31,31,0,34.7,8.6,20.5,5.7,12.2,2.9,8.3,4.1,4.8,0.4,6.5,6.9,5.7,2.2,0.4,4.1,2.4,24.3,0.421,0.467,0.354,0.858,0.538,0.493,F,1.3,100.0,106,-0.6,1.9,0.057,1.8,1.9,3.7,1.6,18.6,1.2,19.2,10.5,28.1,3.0,1.0,15.2,33.7,paulgeorge,39344970.0,42909529.0
22,68,68,1,35.7,8.0,17.3,5.4,10.6,2.6,6.7,3.2,3.5,0.6,2.7,3.3,8.6,1.3,0.1,3.6,1.7,21.7,0.462,0.512,0.383,0.892,0.576,0.536,G,6.3,112.0,112,3.8,2.5,0.125,3.4,-0.8,2.6,2.8,19.0,1.8,8.2,5.1,39.9,1.8,0.3,16.2,27.8,dariusgarland,7040880.0,7678766.0
23,72,53,0,20.1,4.0,5.7,4.0,5.7,0.0,0.0,1.5,2.1,2.2,3.5,5.7,0.9,0.4,1.4,0.9,2.4,9.4,0.693,0.695,0.0,0.699,0.708,0.693,F,6.0,134.0,111,4.4,1.6,0.198,1.1,0.5,1.6,1.3,21.8,12.1,19.0,15.6,7.3,1.0,5.8,12.0,16.7,danielgafford,1782621.0,1944122.0
24,59,59,0,35.3,8.7,18.5,7.5,14.3,1.3,4.2,4.4,5.9,0.4,3.5,3.9,5.6,1.2,0.4,2.8,2.9,23.2,0.473,0.524,0.297,0.75,0.549,0.506,G,2.5,107.0,117,1.5,1.0,0.058,0.6,-1.2,-0.6,0.7,17.4,1.3,10.9,6.0,26.8,1.6,1.0,11.9,29.1,deaaronfox,28103500.0,30649609.0
29,80,80,0,29.5,5.0,12.1,2.0,4.3,3.0,7.7,1.0,1.4,0.4,2.2,2.6,2.1,1.0,0.3,1.3,2.3,14.1,0.417,0.465,0.389,0.708,0.554,0.541,G-F,3.7,109.0,113,1.5,2.2,0.075,-0.4,-0.3,-0.7,0.7,12.3,1.5,8.2,4.8,11.9,1.7,0.8,9.4,20.8,evanfournier,17142857.0,18695958.0
28,80,80,0,33.1,4.1,8.7,1.9,3.2,2.2,5.4,0.7,1.0,1.5,3.2,4.7,1.9,1.1,0.5,1.0,2.3,11.0,0.471,0.599,0.395,0.675,0.604,0.595,F,6.6,119.0,110,3.4,3.2,0.121,0.1,0.7,0.8,1.9,12.5,5.1,10.7,7.9,8.2,1.7,1.3,9.9,13.8,dorianfinneysmith,4000000.0,4362390.0
24,71,31,0,17.5,3.1,5.2,3.0,4.9,0.1,0.3,1.4,1.8,1.8,3.5,5.4,1.2,0.4,0.6,1.1,1.7,7.7,0.596,0.621,0.217,0.762,0.638,0.602,F,3.4,120.0,113,2.2,1.1,0.13,-0.5,-0.9,-1.4,0.2,18.0,11.0,22.2,16.5,10.1,1.2,2.8,15.9,17.5,dreweubanks,2239820.0,2442742.0
27,68,68,1,33.8,9.8,19.6,8.4,15.9,1.4,3.7,9.6,11.8,2.1,9.6,11.7,4.2,1.1,1.5,3.1,2.7,30.6,0.499,0.529,0.371,0.814,0.616,0.534,C,12.0,119.0,105,7.9,4.1,0.252,7.2,2.0,9.2,6.5,31.2,7.2,31.1,19.4,23.5,1.7,3.9,11.3,37.2,joelembiid,31579390.0,34440406.0
21,58,28,0,20.2,2.1,5.3,1.4,3.1,0.6,2.2,1.0,1.4,1.1,2.8,3.9,1.5,0.6,0.3,1.0,2.0,5.8,0.393,0.462,0.294,0.714,0.491,0.453,F,0.4,102.0,117,-0.1,0.5,0.016,-3.8,-1.5,-5.3,-1.0,9.2,6.0,15.6,10.6,10.6,1.5,1.6,14.0,14.8,cjelleby,1517981.0,1655506.0
20,72,72,0,34.3,7.6,17.3,4.6,8.9,3.0,8.4,3.1,3.9,0.9,3.9,4.8,3.8,1.5,0.6,2.6,2.3,21.3,0.441,0.519,0.357,0.786,0.56,0.527,G,4.3,108.0,112,1.8,2.4,0.084,1.6,-0.4,1.2,2.0,16.5,2.6,12.5,7.5,17.4,2.0,1.8,12.2,26.4,anthonyedwards,10245480.0,11173695.0
33,55,55,1,37.2,10.5,20.3,8.4,14.8,2.1,5.5,6.8,7.4,0.5,6.9,7.4,6.4,0.9,0.9,3.5,2.1,29.9,0.518,0.568,0.383,0.91,0.634,0.57,F-G,8.4,121.0,112,6.4,2.0,0.198,6.4,0.7,7.2,4.8,25.6,1.6,19.6,10.8,29.1,1.1,2.3,12.9,31.2,kevindurant,42018900.0,45825710.0
24,55,39,0,28.0,4.9,11.3,3.2,6.7,1.7,4.6,1.6,2.0,0.7,3.4,4.1,2.1,1.0,0.2,1.6,1.7,13.1,0.432,0.475,0.369,0.804,0.537,0.507,G,0.9,104.0,117,0.2,0.7,0.029,-1.2,-1.1,-2.3,-0.1,12.3,2.9,13.6,8.2,10.9,1.8,0.6,11.8,21.1,chrisduarte,3749400.0,4089086.0
28,73,36,0,19.7,3.4,5.9,3.4,5.9,0.0,0.0,1.2,2.2,3.1,6.2,9.3,1.8,1.1,0.9,1.6,2.6,7.9,0.57,0.574,0.0,0.524,0.574,0.57,C,5.1,114.0,102,2.0,3.1,0.17,-0.1,1.4,1.3,1.2,21.0,18.0,34.1,26.2,13.7,2.7,4.2,18.5,19.0,andredrummond,2401537.0,2619110.0
22,77,40,0,27.4,3.6,6.9,2.7,4.5,0.9,2.4,0.7,1.0,0.4,2.4,2.8,3.3,0.8,0.4,1.4,2.4,8.8,0.52,0.596,0.376,0.679,0.596,0.585,G,3.0,113.0,115,1.7,1.3,0.069,-1.9,-0.1,-2.0,0.0,11.2,1.4,9.9,5.7,16.5,1.4,1.2,15.9,14.1,ayodosunmu,925258.0,1009084.0
22,51,51,0,32.6,5.7,14.2,3.2,6.6,2.5,7.7,3.2,3.7,0.7,3.4,4.2,1.7,0.9,0.4,1.7,2.9,17.2,0.404,0.487,0.332,0.843,0.541,0.493,G,1.4,104.0,115,0.2,1.1,0.04,-1.5,-0.7,-2.3,-0.1,12.3,2.3,10.9,6.5,8.6,1.3,1.0,9.8,23.3,luguentzdort,1782621.0,1944122.0
22,65,65,1,35.4,9.9,21.6,6.8,12.8,3.1,8.8,5.6,7.5,0.9,8.3,9.1,8.7,1.2,0.6,4.5,2.2,28.4,0.457,0.528,0.353,0.744,0.571,0.529,G-F,7.6,110.0,107,3.8,3.8,0.159,6.4,1.8,8.2,5.9,25.1,2.7,26.0,14.3,46.0,1.6,1.4,15.3,37.4,lukadoncic,10174391.0,11096166.0
28,67,51,0,29.6,4.6,11.0,2.9,6.0,1.7,4.9,2.9,3.8,0.7,3.5,4.2,5.2,0.7,0.2,1.6,2.2,13.7,0.416,0.479,0.339,0.774,0.543,0.493,G,4.1,114.0,115,2.7,1.4,0.098,0.8,-0.4,0.3,1.1,15.1,2.6,13.0,7.8,25.7,1.1,0.6,10.9,21.4,spencerdinwiddie,19314284.0,21064111.0
23,58,29,0,21.9,4.5,9.1,4.1,7.5,0.4,1.6,1.6,2.4,1.2,3.6,4.8,1.3,1.2,0.3,1.0,2.5,11.0,0.496,0.55,0.247,0.65,0.541,0.518,G,2.1,107.0,111,0.6,1.5,0.079,-1.2,0.7,-0.5,0.5,15.7,5.6,18.7,11.8,9.8,2.7,1.2,9.0,21.8,hamidoudiallo,5200000.0,5671107.0
32,76,76,1,36.1,10.2,20.2,9.5,18.3,0.7,1.9,6.8,7.8,0.7,4.4,5.2,4.9,0.9,0.3,2.4,2.3,27.9,0.504,0.52,0.352,0.877,0.59,0.521,G-F,8.8,117.0,115,7.0,1.8,0.154,3.4,-0.9,2.5,3.1,23.1,2.3,13.7,8.0,23.3,1.2,0.8,9.2,31.8,demarderozan,26000000.0,28355537.0
28,40,40,0,35.1,9.3,17.4,8.9,15.6,0.3,1.8,4.4,6.1,2.7,7.2,9.9,3.1,1.2,2.3,2.1,2.4,23.2,0.532,0.571,0.186,0.713,0.578,0.542,F-C,4.5,115.0,109,2.6,2.0,0.155,2.6,1.2,3.8,2.0,23.9,8.1,22.0,15.1,14.7,1.7,5.7,9.3,27.1,anthonydavis,35361360.0,38565013.0
33,64,64,1,34.5,8.4,19.1,3.9,7.4,4.5,11.7,4.3,4.7,0.5,4.7,5.2,6.3,1.3,0.4,3.2,2.0,25.5,0.437,0.527,0.38,0.923,0.601,0.554,G,8.0,115.0,108,4.6,3.4,0.173,5.4,0.4,5.8,4.4,21.4,1.7,14.4,8.3,30.4,1.9,1.0,13.2,30.8,stephencurry,45780966.0,49928610.0
31,64,64,0,33.4,5.6,11.5,3.2,5.7,2.5,5.8,1.3,1.5,0.3,2.8,3.1,3.6,0.8,0.2,1.7,2.3,15.0,0.487,0.553,0.422,0.872,0.615,0.594,G,4.2,115.0,115,2.7,1.5,0.095,0.3,-0.9,-0.6,0.8,13.7,1.1,9.1,5.2,16.3,1.2,0.6,12.3,18.5,sethcurry,8207518.0,8951099.0
20,64,64,0,32.6,6.7,16.1,4.9,10.4,1.8,5.7,2.2,2.6,0.9,4.6,5.5,5.6,1.2,0.7,3.7,3.1,17.4,0.416,0.472,0.314,0.845,0.504,0.471,G,-0.5,96.0,113,-2.4,1.9,-0.011,-1.1,-0.5,-1.6,0.2,13.1,2.9,16.2,9.2,29.1,1.8,1.9,17.5,27.5,cadecunningham,10050120.0,10960636.0
31,67,67,0,28.1,3.2,8.1,1.3,2.7,1.9,5.4,1.1,1.3,0.4,4.8,5.3,1.9,1.4,0.4,0.8,2.6,9.4,0.399,0.503,0.348,0.789,0.541,0.516,F,4.3,109.0,105,0.9,3.4,0.11,-1.3,2.4,1.1,1.5,11.3,1.8,18.0,10.1,8.3,2.4,1.4,8.6,14.6,jaecrowder,9720900.0,10601590.0
31,71,42,0,27.3,2.9,7.0,1.1,2.2,1.8,4.8,0.8,1.0,0.8,4.7,5.5,1.3,1.5,1.3,1.1,2.7,8.5,0.42,0.509,0.378,0.841,0.572,0.548,F-C,3.2,108.0,110,0.8,2.4,0.08,-1.6,1.7,0.2,1.1,12.4,3.3,18.9,11.0,6.8,2.6,4.4,12.4,13.5,robertcovington,12975471.0,14151017.0
34,72,72,0,28.6,4.8,11.0,2.4,5.2,2.3,5.8,1.8,2.3,0.7,2.4,3.0,5.3,1.3,0.3,1.7,2.0,13.7,0.435,0.464,0.408,0.796,0.572,0.542,G,6.7,120.0,111,4.4,2.3,0.157,2.4,0.7,3.1,2.7,17.2,2.6,8.8,5.8,27.7,2.3,0.9,12.5,20.9,mikeconley,21000000.0,22902549.0
24,54,53,0,30.8,6.3,11.9,5.1,8.7,1.2,3.3,2.5,3.1,1.7,6.1,7.8,1.8,0.6,1.0,1.1,3.0,16.2,0.526,0.588,0.364,0.793,0.61,0.576,F,5.1,122.0,114,3.6,1.4,0.146,1.5,0.0,1.5,1.5,18.7,6.2,21.5,13.9,8.9,1.0,3.0,7.7,20.5,johncollins,23000000.0,25083744.0
24,69,30,0,22.7,3.1,6.8,1.7,3.1,1.4,3.7,1.5,1.7,0.4,2.5,2.9,1.8,0.6,0.2,0.7,1.3,9.0,0.453,0.542,0.378,0.863,0.598,0.556,G,3.8,120.0,113,2.3,1.5,0.116,-0.3,0.0,-0.3,0.7,13.0,1.8,11.2,6.7,11.4,1.2,0.8,8.0,15.8,amircoffey,573576.0,625540.0
22,62,61,0,29.9,5.8,11.0,4.7,7.6,1.1,3.5,2.3,3.3,2.2,8.2,10.5,2.8,0.6,0.7,1.9,2.7,15.0,0.525,0.615,0.327,0.691,0.601,0.576,C,5.0,115.0,110,2.6,2.4,0.129,1.0,0.6,1.6,1.7,18.4,7.9,29.1,18.5,15.4,0.9,2.1,13.1,20.9,wendellcarter,6920027.0,7546964.0
27,74,73,0,27.6,5.0,8.2,5.0,8.1,0.0,0.0,1.1,2.3,3.8,8.1,11.9,1.2,0.7,1.3,0.6,2.2,11.1,0.613,0.614,0.0,0.473,0.604,0.613,C,8.3,132.0,109,5.6,2.7,0.195,2.1,-0.1,2.0,2.1,21.4,15.0,31.9,23.5,6.6,1.3,4.1,6.1,15.5,clintcapela,17603448.0,19198277.0
28,77,77,0,30.2,4.7,10.8,2.6,5.5,2.1,5.3,1.8,2.0,0.5,2.9,3.4,1.9,1.1,0.3,1.3,1.8,13.2,0.435,0.48,0.39,0.89,0.568,0.531,G,2.8,109.0,116,1.4,1.4,0.058,-0.9,-0.6,-1.5,0.3,12.6,2.0,10.3,6.2,9.1,1.8,0.9,9.8,19.0,kentaviouscaldwellpope,13038862.0,14220151.0
32,57,57,1,33.9,7.0,14.5,6.5,12.5,0.5,2.0,6.9,8.0,1.8,4.1,5.9,5.5,1.6,0.5,2.1,1.5,21.4,0.48,0.52,0.233,0.87,0.592,0.496,F-G,9.2,124.0,108,6.2,2.9,0.228,4.5,1.9,6.3,4.0,23.6,6.1,13.5,9.9,26.4,2.4,1.5,10.5,26.5,jimmybutler,36016200.0,39279180.0
30,81,44,0,28.6,3.5,9.0,1.6,4.2,1.9,4.8,2.7,3.3,0.6,4.3,4.9,3.0,1.0,0.3,1.1,2.7,11.7,0.391,0.378,0.404,0.822,0.559,0.499,G,6.1,117.0,110,3.2,2.9,0.126,-0.4,1.2,0.8,1.7,13.7,2.1,16.6,9.2,15.7,1.8,1.1,9.7,17.7,alecburks,9536000.0,10399938.0
30,68,37,0,28.0,3.0,7.4,0.9,1.6,2.1,5.8,0.6,0.7,0.5,3.1,3.5,1.2,0.6,0.2,0.6,1.6,8.6,0.401,0.55,0.36,0.833,0.558,0.542,G-F,3.2,111.0,112,1.2,2.0,0.08,-1.4,0.0,-1.4,0.3,9.2,1.9,12.2,7.0,6.1,1.1,0.7,7.1,13.3,reggiebullock,9536000.0,10399938.0
25,79,61,0,31.9,6.4,12.8,5.2,9.6,1.2,3.2,2.3,2.7,0.5,3.4,3.9,4.8,0.8,0.0,1.6,1.9,16.3,0.502,0.545,0.373,0.84,0.583,0.549,G,7.5,118.0,112,4.9,2.7,0.143,0.9,0.0,0.9,1.9,17.1,1.9,11.7,6.8,24.3,1.3,0.1,10.1,21.9,jalenbrunson,1802057.0,1965319.0
25,66,66,0,33.6,8.7,18.4,6.2,11.4,2.5,7.0,3.7,4.8,0.8,5.3,6.1,3.5,1.1,0.3,2.7,2.5,23.6,0.473,0.544,0.358,0.758,0.574,0.541,F-G,5.8,109.0,108,2.3,3.4,0.124,1.9,0.1,2.1,2.2,18.9,2.6,16.7,9.8,17.9,1.6,0.7,11.6,30.5,jaylenbrown,26758928.0,29183222.0
25,72,45,0,24.6,3.6,7.0,3.0,5.7,0.5,1.3,1.3,1.8,1.4,3.4,4.8,2.1,1.1,0.7,0.8,2.4,9.0,0.506,0.529,0.404,0.758,0.575,0.543,G-F,4.8,121.0,111,2.8,2.0,0.13,-0.4,1.1,0.7,1.2,15.0,6.3,14.7,10.6,11.5,2.1,2.6,9.1,15.0,brucebrown,4736102.0,5165181.0
26,32,31,0,27.7,7.1,16.4,5.7,11.8,1.4,4.7,2.8,3.3,0.9,2.3,3.2,2.8,1.1,0.3,1.6,3.3,18.4,0.432,0.48,0.309,0.849,0.515,0.475,F-G,1.6,108.0,112,0.7,0.9,0.087,-1.0,-0.8,-1.8,0.0,15.5,3.4,8.8,6.0,15.4,1.9,0.8,8.0,28.8,dillonbrooks,12200000.0,13305290.0
29,36,36,0,33.5,6.8,15.1,5.1,9.9,1.6,5.2,4.0,4.6,0.9,4.2,5.1,5.9,0.8,0.4,2.1,2.0,19.1,0.448,0.518,0.312,0.856,0.557,0.501,G,2.7,116.0,118,2.2,0.4,0.106,2.8,-0.5,2.3,1.3,18.0,3.0,14.3,8.6,26.9,1.2,1.0,11.1,24.6,malcolmbrogdon,21700000.0,23665967.0
23,80,80,0,35.5,7.5,15.2,5.5,9.4,1.9,5.8,3.3,4.2,1.1,5.9,7.0,3.8,0.9,0.8,1.9,2.4,20.2,0.491,0.59,0.331,0.802,0.593,0.554,G-F,7.2,117.0,114,5.0,2.3,0.123,1.8,-0.3,1.5,2.5,17.9,3.3,17.8,10.4,15.7,1.3,2.2,9.9,22.6,milesbridges,5421493.0,5912667.0
25,82,82,0,34.8,5.6,10.5,4.2,6.7,1.4,3.8,1.6,1.9,0.9,3.3,4.2,2.3,1.2,0.4,0.8,1.8,14.2,0.534,0.628,0.369,0.834,0.627,0.601,F-G,8.9,125.0,110,5.2,3.7,0.15,0.5,1.1,1.6,2.6,14.4,2.9,10.0,6.5,8.7,1.6,1.1,6.8,15.0,mikalbridges,5557725.0,6061241.0
31,62,45,0,22.7,2.4,5.6,1.1,2.3,1.3,3.4,0.3,0.3,0.5,1.7,2.2,0.8,0.9,0.1,0.6,1.9,6.4,0.423,0.471,0.39,0.889,0.55,0.54,G,1.2,106.0,116,0.3,0.9,0.04,-3.5,-0.1,-3.6,-0.6,7.8,2.4,8.0,5.2,4.5,1.8,0.6,9.6,12.1,averybradley,2641691.0,2881021.0
25,68,68,1,34.5,9.7,20.9,7.0,13.9,2.7,7.0,4.6,5.3,0.7,4.4,5.0,4.8,1.1,0.4,2.4,2.6,26.8,0.466,0.508,0.383,0.868,0.576,0.53,G,7.6,113.0,109,4.3,3.3,0.156,3.9,0.2,4.1,3.6,21.3,2.1,13.2,7.8,22.4,1.6,1.0,9.3,32.0,devinbooker,31650600.0,34518067.0
32,69,69,0,30.9,6.1,13.4,3.5,6.7,2.6,6.8,3.2,3.8,0.8,3.4,4.3,1.7,0.5,0.0,1.7,1.7,18.1,0.455,0.524,0.387,0.858,0.599,0.552,G-F,5.2,116.0,115,3.6,1.6,0.118,1.6,-1.6,0.0,1.1,15.7,3.1,11.8,7.6,8.7,0.8,0.0,10.2,23.7,bojanbogdanovic,18700000.0,20394174.0
32,54,29,0,25.2,3.6,8.7,2.7,5.6,0.9,3.0,1.6,2.2,0.5,2.9,3.4,4.2,1.3,0.4,2.1,1.6,9.9,0.421,0.479,0.313,0.761,0.514,0.475,G,1.3,100.0,110,-0.5,1.8,0.047,-2.1,1.3,-0.8,0.4,12.5,2.2,11.6,7.1,24.1,2.5,1.2,18.3,20.5,ericbledsoe,18125000.0,19767081.0
29,55,28,0,18.0,1.8,3.6,1.8,3.4,0.0,0.3,1.0,1.3,2.2,2.1,4.3,1.0,0.5,0.5,0.5,1.9,4.5,0.485,0.522,0.0,0.746,0.534,0.485,C-F,2.6,124.0,111,1.5,1.1,0.126,-1.7,0.4,-1.3,0.2,13.2,12.7,13.5,13.1,7.6,1.5,2.6,11.1,11.2,khembirch,6350000.0,6925294.0
22,82,82,0,33.0,5.5,13.9,2.9,6.4,2.6,7.4,2.6,3.1,1.3,4.1,5.4,2.8,0.9,0.2,1.2,1.6,16.1,0.396,0.454,0.346,0.827,0.529,0.489,F,4.0,110.0,116,2.4,1.6,0.071,0.9,-1.2,-0.3,1.2,14.0,4.1,14.1,8.8,13.8,1.3,0.5,7.1,21.3,saddiqbey,2824320.0,3080196.0
33,58,54,0,25.4,3.1,7.5,1.6,3.3,1.4,4.2,1.7,2.3,1.1,3.1,4.1,4.6,1.2,0.9,1.3,3.0,9.2,0.406,0.485,0.343,0.722,0.539,0.501,G,4.1,119.0,111,2.3,1.7,0.132,0.6,2.1,2.7,1.7,14.8,4.4,13.2,8.7,24.5,2.2,3.4,12.9,16.1,patrickbeverley,14320987.0,15618433.0
28,40,40,0,36.0,8.7,19.3,7.1,14.0,1.6,5.3,4.2,5.1,1.0,3.8,4.7,6.6,0.9,0.4,3.4,2.4,23.2,0.451,0.508,0.3,0.833,0.539,0.492,G,1.4,106.0,117,0.6,0.7,0.046,2.0,-1.2,0.8,1.0,17.5,3.0,11.4,7.3,30.8,1.2,0.9,13.6,30.8,bradleybeal,33724200.0,36779530.0
21,69,53,0,27.9,4.0,9.4,2.8,5.5,1.2,3.9,1.7,2.5,1.0,5.3,6.3,1.4,0.8,1.0,1.3,1.0,10.8,0.422,0.511,0.297,0.688,0.515,0.484,F,1.8,101.0,111,-0.5,2.2,0.044,-2.1,0.3,-1.8,0.1,12.6,3.7,19.8,11.6,7.7,1.5,3.4,11.1,18.3,dariusbazley,2513040.0,2740715.0
33,59,54,0,24.8,3.0,6.6,1.2,2.0,1.8,4.6,0.4,0.6,0.5,3.8,4.3,1.7,1.0,0.7,0.7,1.4,8.3,0.463,0.607,0.4,0.658,0.608,0.602,F-G,3.7,118.0,109,1.6,2.1,0.123,0.5,1.9,2.3,1.6,13.5,2.2,15.8,9.2,9.7,1.9,2.4,9.0,13.3,nicolasbatum,12026998.0,13116613.0
31,71,71,0,32.1,5.5,12.6,3.3,6.6,2.2,6.1,1.4,1.8,0.6,4.2,4.8,3.9,0.8,0.4,1.8,1.6,14.7,0.438,0.504,0.365,0.803,0.548,0.525,G,3.2,108.0,114,1.2,1.9,0.067,0.4,-0.9,-0.5,0.9,13.4,2.2,14.1,8.3,17.6,1.2,1.2,11.8,20.8,willbarton,15625000.0,17040587.0
21,70,70,0,34.5,7.0,17.1,5.0,11.3,2.0,5.8,4.1,5.8,0.9,4.9,5.8,3.0,0.6,0.2,2.2,2.0,20.0,0.408,0.442,0.342,0.714,0.511,0.466,G-F,2.3,103.0,113,0.1,2.2,0.046,-0.3,-1.3,-1.6,0.2,13.7,2.9,15.5,9.1,14.9,0.9,0.7,9.9,27.6,rjbarrett,8623920.0,9405226.0
20,74,74,0,35.4,6.2,12.6,5.4,10.0,0.8,2.6,2.1,2.9,2.6,4.9,7.5,3.5,1.1,0.7,1.8,2.6,15.3,0.492,0.543,0.301,0.735,0.552,0.524,G-F,6.6,116.0,111,3.7,2.9,0.122,0.5,0.4,0.9,1.9,16.3,7.7,15.8,11.5,14.7,1.5,2.1,11.7,19.0,scottiebarnes,7280400.0,7939986.0
29,77,77,0,33.5,5.1,10.8,3.2,6.2,1.8,4.7,4.4,5.4,1.1,4.5,5.6,2.4,0.7,0.2,1.5,1.2,16.4,0.469,0.525,0.394,0.826,0.623,0.554,F,6.0,121.0,118,5.0,1.0,0.112,1.5,-1.3,0.2,1.4,15.7,3.4,14.9,9.1,10.5,1.0,0.5,10.4,18.8,harrisonbarnes,20284091.0,22121780.0
23,76,76,0,29.8,6.7,14.5,3.7,7.6,3.0,6.9,1.8,2.0,0.6,3.8,4.4,2.7,1.2,0.4,1.5,2.6,18.2,0.461,0.484,0.436,0.903,0.592,0.565,G,7.2,119.0,110,4.5,2.7,0.153,2.5,0.3,2.7,2.7,17.6,2.1,13.6,7.7,13.5,1.9,1.1,8.7,23.1,desmondbane,2033160.0,2217359.0
23,71,69,0,25.7,4.2,8.7,2.7,4.7,1.5,4.0,0.8,1.0,2.1,6.0,8.1,1.2,0.5,1.7,1.1,2.6,10.6,0.48,0.563,0.381,0.781,0.582,0.566,C,4.5,113.0,108,1.8,2.7,0.118,-0.2,0.9,0.7,1.2,16.5,8.5,24.6,16.5,7.4,1.0,5.9,10.6,17.2,mobamba,7568743.0,8254452.0
24,35,35,0,34.6,4.6,10.9,1.5,3.5,3.1,7.4,0.6,0.8,1.0,4.4,5.4,5.1,1.8,0.9,2.3,2.4,13.0,0.423,0.423,0.423,0.75,0.575,0.567,G,2.2,110.0,111,0.8,1.4,0.088,0.9,1.6,2.5,1.4,14.5,3.3,14.3,8.8,20.0,2.6,2.2,17.2,17.4,lonzoball,18604651.0,20290187.0
20,75,75,1,32.3,7.2,16.7,4.2,9.2,2.9,7.5,2.8,3.2,1.4,5.2,6.7,7.6,1.6,0.4,3.3,3.2,20.1,0.429,0.462,0.389,0.872,0.554,0.517,G,5.8,111.0,112,3.4,2.5,0.116,3.3,0.1,3.4,3.3,19.7,4.7,17.4,11.0,35.7,2.4,1.2,15.3,28.2,lameloball,8231760.0,8977537.0
23,58,58,0,29.5,7.6,12.0,7.5,11.7,0.1,0.3,1.8,2.4,2.6,7.7,10.2,1.4,0.7,0.7,1.6,2.4,17.2,0.634,0.642,0.368,0.746,0.656,0.639,C,7.3,124.0,105,4.1,3.1,0.203,2.2,0.6,2.8,2.1,21.9,9.6,27.1,18.6,7.6,1.1,2.1,10.7,21.4,deandreayton,12632950.0,13777464.0
24,48,48,0,36.0,6.4,14.5,4.0,7.9,2.4,6.6,1.9,2.5,1.5,4.0,5.5,2.6,1.5,0.5,1.7,2.7,17.1,0.443,0.511,0.363,0.754,0.549,0.526,F,3.7,112.0,111,1.8,1.9,0.104,0.4,0.1,0.5,1.1,14.8,4.4,12.6,8.3,11.0,2.1,1.4,9.7,20.5,oganunoby,16071429.0,17527461.0
21,65,65,0,31.7,5.5,14.0,3.5,8.0,2.0,6.0,3.3,3.9,0.5,4.9,5.4,5.7,0.7,0.3,2.6,2.6,16.3,0.391,0.432,0.338,0.854,0.519,0.464,G,1.6,103.0,114,-0.1,1.7,0.038,-0.6,-0.6,-1.2,0.4,13.5,1.6,16.2,8.9,28.9,1.1,0.8,14.2,25.1,coleanthony,3449400.0,3761907.0
27,67,67,1,32.9,10.3,18.6,9.2,15.0,1.1,3.6,8.3,11.4,2.0,9.6,11.6,5.8,1.1,1.4,3.3,3.2,29.9,0.553,0.616,0.293,0.722,0.633,0.582,F-G,12.9,124.0,106,9.2,3.7,0.281,7.6,3.5,11.2,7.4,32.1,6.6,30.4,18.7,31.7,1.6,4.0,12.2,34.9,giannisantetokounmpo,39344900.0,42909452.0
23,56,56,1,32.3,6.6,9.7,6.6,9.6,0.0,0.2,2.9,4.2,3.4,7.3,10.8,1.6,0.8,1.3,1.7,1.7,16.1,0.677,0.688,0.1,0.708,0.698,0.678,C-F,8.5,132.0,106,5.4,3.0,0.224,2.7,1.2,3.9,2.7,23.0,12.0,24.5,18.4,8.2,1.2,3.7,12.7,18.1,jarrettallen,20000000.0,21811951.0
26,66,61,0,27.3,3.9,8.6,1.5,2.7,2.4,5.9,1.0,1.1,0.5,2.9,3.4,1.5,0.7,0.3,0.7,1.5,11.1,0.448,0.533,0.409,0.865,0.609,0.588,G,4.2,122.0,114,2.8,1.4,0.11,0.6,-0.2,0.4,1.1,12.7,1.9,10.9,6.5,7.6,1.2,1.0,6.7,15.2,graysonallen,4054695.0,4422040.0
24,56,56,0,32.6,7.3,13.0,7.3,12.9,0.0,0.1,4.6,6.1,2.4,7.6,10.1,3.4,1.4,0.8,2.6,3.1,19.1,0.557,0.562,0.0,0.753,0.608,0.557,C-F,7.2,117.0,104,3.6,3.5,0.188,1.7,2.1,3.8,2.7,21.8,8.7,26.1,17.5,17.5,2.2,2.6,14.4,25.0,bamadebayo,28103500.0,30649609.0
28,76,75,0,26.3,2.8,5.1,2.8,5.0,0.0,0.0,1.4,2.6,4.6,5.4,10.0,3.4,0.9,0.8,1.5,2.0,6.9,0.547,0.548,0.0,0.543,0.56,0.547,C,6.8,125.0,108,3.8,3.0,0.163,1.0,1.0,2.0,2.0,17.6,17.9,22.0,19.9,16.1,1.6,2.7,19.6,12.0,stevenadams,17073171.0,18619958.0
22,73,28,0,23.6,3.6,8.3,2.9,6.1,0.8,2.1,1.1,1.8,2.0,4.5,6.5,1.1,0.5,0.6,1.2,2.1,9.1,0.439,0.468,0.359,0.595,0.503,0.486,F,2.5,105.0,110,0.4,2.1,0.07,-2.0,-0.6,-2.6,-0.2,12.7,8.7,21.7,14.9,6.9,1.1,2.3,11.3,18.5,preciousachiuwa,2711280.0,2956915.0
